cell_id,user_id,g1_overall_metric,g2_overall_metric,overall_delta_g2_minus_g1,overall_headroom_retention,g1_overall_n_eval_points,g2_overall_n_eval_points,g1_overall_class_count_present,g2_overall_class_count_present,g1_recommend_metric,g2_recommend_metric,recommend_delta_g2_minus_g1,recommend_headroom_retention,g1_recommend_n_eval_points,g2_recommend_n_eval_points,g1_recommend_class_count_present,g2_recommend_class_count_present
low_diversity,640,0.08832055817610063,0.020089285714285712,-0.06823127246181492,-0.19555992866367386,300,300,32,32,0.16666666666666666,0.0,-0.16666666666666666,-0.23076923076923078,6,6,6,6
low_diversity,641,0.08271580243595233,0.028124999999999997,-0.05459080243595234,-0.06071993152907647,300,300,32,32,0.3333333333333333,0.0,-0.3333333333333333,-0.10344827586206898,4,4,3,3
low_diversity,642,0.07917794521654815,0.03480113636363637,-0.04437680885291179,0.07409323198796891,300,300,32,32,0.3333333333333333,0.0,-0.3333333333333333,-0.10344827586206898,3,3,3,3
low_diversity,643,0.09403134606938955,0.04671474358974359,-0.04731660247964596,0.24632704709215802,300,300,32,32,0.2,0.0,-0.2,-0.18518518518518517,8,8,5,5
low_diversity,644,0.09901147959183673,0.0390625,-0.05994897959183673,0.11529411764705882,300,300,32,32,0.2,0.0,-0.2,-0.18518518518518517,10,10,5,5
low_diversity,645,0.08007097069597069,0.03333333333333333,-0.046737637362637356,0.04267291910902696,300,300,32,32,0.3333333333333333,0.0,-0.3333333333333333,-0.10344827586206898,3,3,3,3
low_diversity,646,0.09401531930601698,0.03630952380952381,-0.05770579549649316,0.08061018195184713,300,300,32,32,0.3333333333333333,0.0,-0.3333333333333333,-0.10344827586206898,5,5,3,3
low_diversity,647,0.08159757805561249,0.0078125,-0.07378507805561249,-0.46551395131880247,300,300,32,32,0.14285714285714285,0.0,-0.14285714285714285,-0.28,7,7,7,7
low_diversity,648,0.07727978543195935,0.020833333333333332,-0.05644645209862602,-0.22630274221165889,300,300,32,32,0.0,0.0,0.0,nan,4,4,3,3
low_diversity,649,0.08144131867455039,0.035962301587301584,-0.0454790170872488,0.09388678583754698,300,300,32,32,0.14285714285714285,0.14285714285714285,0.0,1.0,9,9,7,7
low_diversity,650,0.08942082525839794,0.02291666666666667,-0.06650415859173127,-0.14325623362426468,300,300,32,32,0.25,0.0,-0.25,-0.14285714285714285,6,6,4,4
low_diversity,651,0.07795633208704822,0.05319940476190475,-0.024756927325143466,0.4699449471004677,300,300,32,32,0.0,0.3333333333333333,0.3333333333333333,nan,4,4,3,3
low_diversity,652,0.0900297619047619,0.03125,-0.058779761904761904,0.0,300,300,32,32,0.25,0.0,-0.25,-0.14285714285714285,6,6,4,4
low_diversity,653,0.0921999601275917,0.024519230769230772,-0.06768072935836092,-0.11043106864514989,300,300,32,32,0.3333333333333333,0.0,-0.3333333333333333,-0.10344827586206898,3,3,3,3
low_diversity,654,0.0821787084398977,0.034374999999999996,-0.04780370843989771,0.06136028373246279,300,300,32,32,0.16666666666666666,0.0,-0.16666666666666666,-0.23076923076923078,6,6,6,6
low_diversity,655,0.08379090755735492,0.039732142857142855,-0.04405876470021207,0.16143883407197607,300,300,32,32,0.5,0.0,-0.5,-0.06666666666666667,3,3,2,2
low_diversity,656,0.07887613378684807,0.03645833333333333,-0.042417800453514745,0.10935872638000288,300,300,32,32,0.16666666666666666,0.0,-0.16666666666666666,-0.23076923076923078,6,6,6,6
low_diversity,657,0.08480497758161692,0.01501736111111111,-0.06978761647050581,-0.3031023374839549,300,300,32,32,0.0,0.0,0.0,nan,4,4,4,4
low_diversity,658,0.07687074829931972,0.051075268817204304,-0.02579547948211542,0.4345669362354569,300,300,31,31,0.0,0.0,0.0,nan,7,7,6,6
low_diversity,659,0.061210317460317465,0.033482142857142856,-0.02772817460317461,0.0745033112582781,300,300,32,32,0.0,0.0,0.0,nan,4,4,4,4
low_diversity,660,0.09161566032533773,0.03010752688172043,-0.0615081334436173,-0.018925877926660117,300,300,31,31,0.25,0.25,0.0,1.0,5,5,4,4
low_diversity,661,0.07985016266266266,0.03463541666666667,-0.045214745995995995,0.06965854600456992,300,300,32,32,0.25,0.0,-0.25,-0.14285714285714285,5,5,4,4
low_diversity,662,0.0924026167112697,0.036458333333333336,-0.05594428337793637,0.08516942713873275,300,300,32,32,0.2,0.0,-0.2,-0.18518518518518517,7,7,5,5
low_diversity,663,0.09875628591954023,0.03229166666666666,-0.06646461925287357,0.015430661789158574,300,300,32,32,0.3333333333333333,0.0,-0.3333333333333333,-0.10344827586206898,6,6,3,3
low_diversity,664,0.07537153430451127,0.03330176767676768,-0.04206976662774359,0.04650263661746445,300,300,32,32,0.0,0.0,0.0,nan,4,4,4,4
low_diversity,665,0.06276041666666667,0.04375,-0.01901041666666667,0.39669421487603296,300,300,32,32,0.0,0.0,0.0,nan,3,3,3,3
low_diversity,666,0.08749676501035196,0.010416666666666666,-0.07708009834368529,-0.37039167193880496,300,300,32,32,0.16666666666666666,0.0,-0.16666666666666666,-0.23076923076923078,6,6,6,6
low_diversity,667,0.0822962423605806,0.04027777777777778,-0.04201846458280282,0.17685489392161988,300,300,32,32,0.0,0.0,0.0,nan,3,3,3,3
low_diversity,668,0.10050273658243067,0.015201576674492071,-0.0853011599079386,-0.23173702755277678,300,300,31,31,0.3333333333333333,0.0,-0.3333333333333333,-0.10344827586206898,5,5,3,3
low_diversity,669,0.0835888378485176,0.021130952380952382,-0.06245788546756522,-0.19333726225130962,300,300,32,32,0.3333333333333333,0.0,-0.3333333333333333,-0.10344827586206898,4,4,3,3
low_diversity,670,0.09139521313803443,0.05376344086021505,-0.037631772277819386,0.3743180826135949,300,300,31,31,0.5,0.0,-0.5,-0.06666666666666667,4,4,2,2
low_diversity,671,0.07549189814814815,0.0171875,-0.05830439814814815,-0.3178548070634401,300,300,32,32,0.16666666666666666,0.0,-0.16666666666666666,-0.23076923076923078,7,7,6,6
low_diversity,672,0.09251085316380547,0.026988636363636364,-0.0655222168001691,-0.06956095803904608,300,300,32,32,0.3333333333333333,0.0,-0.3333333333333333,-0.10344827586206898,5,5,3,3
low_diversity,673,0.08981726694915254,0.016571969696969696,-0.07324529725218284,-0.25061832432395403,300,300,32,32,0.3333333333333333,0.0,-0.3333333333333333,-0.10344827586206898,5,5,3,3
low_diversity,674,0.09025869963369963,0.0390625,-0.05119619963369963,0.1323957322987391,300,300,32,32,0.3333333333333333,0.0,-0.3333333333333333,-0.10344827586206898,5,5,3,3
low_diversity,675,0.09304477418576257,0.03645833333333333,-0.05658644085242924,0.08428436549790519,300,300,32,32,0.2,0.0,-0.2,-0.18518518518518517,8,8,5,5
low_diversity,676,0.07984593837535015,0.034722222222222224,-0.04512371615312792,0.0714508730215914,300,300,32,32,0.3333333333333333,0.0,-0.3333333333333333,-0.10344827586206898,3,3,3,3
low_diversity,677,0.08743666169895678,0.021875,-0.06556166169895677,-0.16685454726302182,300,300,32,32,0.3333333333333333,0.0,-0.3333333333333333,-0.10344827586206898,5,5,3,3
low_diversity,678,0.08017282196969697,0.022135416666666664,-0.0580374053030303,-0.18630534720541986,300,300,32,32,0.2,0.0,-0.2,-0.18518518518518517,5,5,5,5
low_diversity,679,0.07569687257187258,0.017642513736263736,-0.05805435883560884,-0.30615171498809846,300,300,32,32,0.14285714285714285,0.0,-0.14285714285714285,-0.28,10,10,7,7
low_diversity,680,0.09066495688373476,0.026041666666666664,-0.06462329021706809,-0.08766030653737884,300,300,32,32,0.16666666666666666,0.0,-0.16666666666666666,-0.23076923076923078,10,10,6,6
low_diversity,681,0.08930259260465587,0.02727659315958933,-0.06202599944506654,-0.06844495072717906,300,300,31,31,0.25,0.0,-0.25,-0.14285714285714285,4,4,4,4
low_diversity,682,0.09137756642512077,0.021875,-0.06950256642512076,-0.15591850057119905,300,300,32,32,0.2,0.0,-0.2,-0.18518518518518517,8,8,5,5
low_diversity,683,0.0692016317016317,0.018663194444444444,-0.05053843725718725,-0.33165387076135644,300,300,32,32,0.3333333333333333,0.0,-0.3333333333333333,-0.10344827586206898,3,3,3,3
low_diversity,684,0.0817110177404295,0.04071969696969697,-0.04099132077073254,0.18766361428556405,300,300,32,32,0.5,0.0,-0.5,-0.06666666666666667,3,3,2,2
low_diversity,685,0.10321639248919906,0.02633928571428571,-0.07687710677491336,-0.06823621576489754,300,300,32,32,0.3333333333333333,0.0,-0.3333333333333333,-0.10344827586206898,5,5,3,3
low_diversity,686,0.08696370593692021,0.03515625,-0.05180745593692021,0.07011290910036944,300,300,32,32,0.16666666666666666,0.0,-0.16666666666666666,-0.23076923076923078,8,8,6,6
low_diversity,687,0.08677092176004528,0.02312911184210526,-0.06364180991794002,-0.14626717101333866,300,300,32,32,1.0,0.0,-1.0,-0.03225806451612903,2,2,1,1
low_diversity,688,0.07700441919191918,0.01299715909090909,-0.06400726010101009,-0.39893066574680935,300,300,32,32,0.16666666666666666,0.0,-0.16666666666666666,-0.23076923076923078,9,9,6,6
low_diversity,689,0.09029964932097245,0.025268817204301075,-0.06503083211667138,-0.10129074201926902,300,300,31,31,0.14285714285714285,0.14285714285714285,0.0,1.0,10,10,7,7
low_diversity,690,0.06466346153846153,0.026785714285714284,-0.03787774725274724,-0.13360739979445022,300,300,32,32,0.0,0.0,0.0,nan,1,1,1,1
low_diversity,691,0.09031652897453445,0.01602005231037489,-0.07429647666415956,-0.25784395924451986,300,300,31,31,0.5,0.0,-0.5,-0.06666666666666667,3,3,2,2
low_diversity,692,0.08772043408558391,0.050967261904761904,-0.03675317218082201,0.3491607993464218,300,300,32,32,0.14285714285714285,0.0,-0.14285714285714285,-0.28,8,8,7,7
low_diversity,693,0.09502001231527092,0.013888888888888888,-0.08113112342638204,-0.27224569167840146,300,300,32,32,0.25,0.0,-0.25,-0.14285714285714285,5,5,4,4
low_diversity,694,0.08954451345755693,0.04707922286047286,-0.04246529059708407,0.27153881080074194,300,300,32,32,0.1111111111111111,0.1111111111111111,0.0,1.0,10,10,9,9
low_diversity,695,0.09715557275541795,0.01015625,-0.08699932275541794,-0.32006018790369944,300,300,32,32,0.16666666666666666,0.0,-0.16666666666666666,-0.23076923076923078,9,9,6,6
low_diversity,696,0.09094587053571429,0.0234375,-0.06750837053571429,-0.1308716989950923,300,300,32,32,0.3333333333333333,0.0,-0.3333333333333333,-0.10344827586206898,3,3,3,3
low_diversity,697,0.06902920574795575,0.05074404761904762,-0.01828515812890813,0.5159994031929179,300,300,32,32,0.2,0.0,-0.2,-0.18518518518518517,5,5,5,5
low_diversity,698,0.09258078231292516,0.03697916666666667,-0.05560161564625849,0.09341421143847489,300,300,32,32,0.2,0.0,-0.2,-0.18518518518518517,7,7,5,5
low_diversity,699,0.08830037150349651,0.029017857142857144,-0.05928251436063937,-0.03912582509661751,300,300,32,32,0.5,0.0,-0.5,-0.06666666666666667,4,4,2,2
low_diversity,700,0.08151146051640995,0.04650297619047619,-0.03500848432593376,0.30347260174614743,300,300,32,32,0.5,0.0,-0.5,-0.06666666666666667,3,3,2,2
low_diversity,701,0.08887960070653575,0.025607638888888888,-0.06327196181764685,-0.09790734348210076,300,300,32,32,0.14285714285714285,0.14285714285714285,0.0,1.0,9,9,7,7
low_diversity,702,0.08988854803936155,0.02827380952380952,-0.061614738515552034,-0.05075484601345671,300,300,32,32,0.25,0.0,-0.25,-0.14285714285714285,7,7,4,4
low_diversity,703,0.07518830128205128,0.03218005952380952,-0.043008241758241764,0.021167398298792404,300,300,32,32,1.0,0.0,-1.0,-0.03225806451612903,1,1,1,1
low_diversity,704,0.08449716457528958,0.030059523809523807,-0.05443764076576577,-0.02235755086626073,300,300,32,32,0.5,0.0,-0.5,-0.06666666666666667,4,4,2,2
low_diversity,705,0.08617065047021943,0.023995535714285712,-0.06217511475593372,-0.13208991924900818,300,300,32,32,0.25,0.25,0.0,1.0,4,4,4,4
low_diversity,706,0.07497162924794504,0.030555555555555555,-0.04441607369238948,-0.01588331579562729,300,300,32,32,0.2,0.0,-0.2,-0.18518518518518517,6,6,5,5
low_diversity,707,0.08424847211611917,0.026988636363636364,-0.05725983575248281,-0.0804054054054054,300,300,32,32,0.3333333333333333,0.0,-0.3333333333333333,-0.10344827586206898,4,4,3,3
low_diversity,708,0.06804226475279107,0.0380952380952381,-0.029947026657552972,0.18605101211440966,300,300,32,32,0.0,0.0,0.0,nan,5,5,5,5
low_diversity,709,0.09635391481302386,0.03409090909090909,-0.06226300572211477,0.04363653244306551,300,300,32,32,0.14285714285714285,0.0,-0.14285714285714285,-0.28,11,11,7,7
low_diversity,710,0.09858162997903563,0.013392857142857142,-0.0851887728361785,-0.26521180109114917,300,300,32,32,0.3333333333333333,0.0,-0.3333333333333333,-0.10344827586206898,6,6,3,3
low_diversity,711,0.06809640522875816,0.027083333333333334,-0.04101307189542483,-0.11308203991130819,300,300,32,32,0.25,0.0,-0.25,-0.14285714285714285,5,5,4,4
low_diversity,712,0.08090016708437761,0.026041666666666664,-0.05485850041771095,-0.10490062046482285,300,300,32,32,0.3333333333333333,0.0,-0.3333333333333333,-0.10344827586206898,6,6,3,3
low_diversity,713,0.09100314919111853,0.026041666666666664,-0.06496148252445186,-0.08716416463130083,300,300,32,32,0.16666666666666666,0.0,-0.16666666666666666,-0.23076923076923078,8,8,6,6
low_diversity,714,0.0794537529167747,0.028125,-0.0513287529167747,-0.06482897722497687,300,300,32,32,0.0,0.0,0.0,nan,3,3,3,3
low_diversity,715,0.09908201493316625,0.015224358974358974,-0.08385765595880727,-0.23625482806947162,300,300,32,32,0.14285714285714285,0.0,-0.14285714285714285,-0.28,11,11,7,7
low_diversity,716,0.08282424812030076,0.031646825396825395,-0.05117742272347536,0.007694254619083748,300,300,32,32,0.1111111111111111,0.1111111111111111,0.0,1.0,9,9,9,9
low_diversity,717,0.08246736194477791,0.02599431818181818,-0.05647304376295973,-0.10261523863428278,300,300,32,32,0.25,0.0,-0.25,-0.14285714285714285,6,6,4,4
low_diversity,718,0.09590174129353234,0.02270833333333333,-0.073193407960199,-0.13211812235475187,300,300,32,32,0.25,0.0,-0.25,-0.14285714285714285,5,5,4,4
low_diversity,719,0.07560939060939062,0.021701388888888888,-0.05390800172050173,-0.21525568723862784,300,300,32,32,0.125,0.0,-0.125,-0.3333333333333333,9,9,8,8
low_diversity,720,0.08943965517241378,0.040625,-0.04881465517241378,0.16111111111111115,300,300,32,32,0.25,0.0,-0.25,-0.14285714285714285,5,5,4,4
low_diversity,721,0.08797555524756592,0.012473290598290597,-0.07550226464927533,-0.33100970664390467,300,300,32,32,0.3333333333333333,0.0,-0.3333333333333333,-0.10344827586206898,4,4,3,3
low_diversity,722,0.08370146839223494,0.038636363636363635,-0.045065104755871305,0.14082281893669793,300,300,32,32,0.16666666666666666,0.0,-0.16666666666666666,-0.23076923076923078,9,9,6,6
low_diversity,723,0.06593707827260459,0.026481331168831168,-0.03945574710377342,-0.13747680890538036,300,300,32,32,0.0,0.0,0.0,nan,3,3,3,3
low_diversity,724,0.07780566423070298,0.03225806451612903,-0.04554759971457395,0.021652886556051396,300,300,31,31,0.0,0.0,0.0,nan,3,3,3,3
low_diversity,725,0.09118961643816471,0.01171875,-0.07947086643816471,-0.32584876515099076,300,300,32,32,0.2,0.0,-0.2,-0.18518518518518517,5,5,5,5
low_diversity,726,0.07995560109289618,0.015625,-0.06433060109289618,-0.3208049926372624,300,300,32,32,0.0,0.0,0.0,nan,2,2,2,2
low_diversity,727,0.08282553754813864,0.0234375,-0.059388037548138636,-0.15147685068154862,300,300,32,32,0.14285714285714285,0.0,-0.14285714285714285,-0.28,8,8,7,7
low_diversity,728,0.10044642857142858,0.03831845238095238,-0.0621279761904762,0.10215053763440854,300,300,32,32,0.3333333333333333,0.0,-0.3333333333333333,-0.10344827586206898,7,7,3,3
low_diversity,729,0.0789887794198139,0.010416666666666666,-0.06857211275314723,-0.4364027230383376,300,300,32,32,0.0,0.0,0.0,nan,3,3,3,3
low_diversity,730,0.08749775985663083,0.0203125,-0.06718525985663083,-0.19445218845832168,300,300,32,32,0.3333333333333333,0.0,-0.3333333333333333,-0.10344827586206898,3,3,3,3
low_diversity,731,0.0565625,0.026633522727272728,-0.029928977272727274,-0.1823793490460157,300,300,32,32,0.0,0.0,0.0,nan,4,4,4,4
low_diversity,732,0.09160437430786267,0.020833333333333332,-0.07077104097452934,-0.17259174311926612,300,300,32,32,0.25,0.0,-0.25,-0.14285714285714285,7,7,4,4
low_diversity,733,0.07942123390236598,0.046875,-0.03254623390236598,0.3243637070137944,300,300,32,32,0.1111111111111111,0.0,-0.1111111111111111,-0.391304347826087,10,10,9,9
low_diversity,734,0.07014802631578948,0.03515625,-0.03499177631578948,0.1004228329809725,300,300,32,32,0.25,0.0,-0.25,-0.14285714285714285,4,4,4,4
low_diversity,735,0.06403985507246376,0.04181547619047619,-0.022224378881987576,0.3222178374112075,300,300,32,32,0.0,0.0,0.0,nan,4,4,4,4
low_diversity,736,0.06313374125874126,0.020833333333333332,-0.04230040792540793,-0.3267077907242404,300,300,32,32,0.0,0.0,0.0,nan,4,4,4,4
low_diversity,737,0.08692897015265436,0.03125,-0.055678970152654356,0.0,300,300,32,32,0.25,0.0,-0.25,-0.14285714285714285,6,6,4,4
low_diversity,738,0.08149744572158366,0.04055059523809524,-0.040946850483488416,0.18509588108476116,300,300,32,32,0.14285714285714285,0.0,-0.14285714285714285,-0.28,9,9,7,7
low_diversity,739,0.08600286514544146,0.021763392857142856,-0.0642394722882986,-0.17326229627723813,300,300,32,32,0.14285714285714285,0.0,-0.14285714285714285,-0.28,10,10,7,7
low_diversity,740,0.10354176392779334,0.04720982142857143,-0.05633194249922191,0.22076956711849582,300,300,32,32,0.3333333333333333,0.0,-0.3333333333333333,-0.10344827586206898,5,5,3,3
low_diversity,741,0.09225863564098859,0.028385416666666666,-0.06387321897432192,-0.04695373537264889,300,300,32,32,0.16666666666666666,0.0,-0.16666666666666666,-0.23076923076923078,7,7,6,6
low_diversity,742,0.08158177205308353,0.028273809523809524,-0.053307962529274014,-0.059131446297014334,300,300,32,32,0.2,0.0,-0.2,-0.18518518518518517,5,5,5,5
low_diversity,743,0.09810524425287356,0.04036458333333333,-0.057740660919540235,0.13633310946944252,300,300,32,32,0.2,0.0,-0.2,-0.18518518518518517,5,5,5,5
low_diversity,744,0.08522727272727273,0.0390625,-0.046164772727272735,0.14473684210526314,300,300,32,32,0.0,0.3333333333333333,0.3333333333333333,nan,3,3,3,3
low_diversity,745,0.08902529761904762,0.015190972222222222,-0.0738343253968254,-0.27795664305644985,300,300,32,32,0.25,0.0,-0.25,-0.14285714285714285,5,5,4,4
low_diversity,746,0.07867597858815657,0.011979166666666666,-0.0666968119214899,-0.4063349646547037,300,300,32,32,0.0,0.0,0.0,nan,4,4,4,4
low_diversity,747,0.0831702152014652,0.02703373015873016,-0.05613648504273504,-0.08120670965845411,300,300,32,32,0.2,0.0,-0.2,-0.18518518518518517,5,5,5,5
low_diversity,748,0.0879916958041958,0.03333333333333333,-0.05465836247086247,0.036716092175364264,300,300,32,32,0.25,0.0,-0.25,-0.14285714285714285,6,6,4,4
low_diversity,749,0.08240905057675244,0.03214285714285714,-0.050266193433895295,0.017452574525745196,300,300,32,32,,,,,0,0,0,0
low_diversity,750,0.08800680126473882,0.04891826923076923,-0.03908853203396959,0.3112978328069725,300,300,32,32,0.5,0.5,0.0,1.0,2,2,2,2
low_diversity,751,0.0926091129640098,0.025,-0.06760911296400979,-0.10185936038002925,300,300,32,32,0.3333333333333333,0.0,-0.3333333333333333,-0.10344827586206898,4,4,3,3
low_diversity,752,0.09967384032114184,0.024305555555555552,-0.07536828476558628,-0.10149159140807139,300,300,32,32,0.125,0.0,-0.125,-0.3333333333333333,9,9,8,8
low_diversity,753,0.09084148672964462,0.019345238095238096,-0.07149624863440653,-0.19977286283813614,300,300,32,32,0.25,0.0,-0.25,-0.14285714285714285,5,5,4,4
low_diversity,754,0.07106643356643357,0.02862762237762238,-0.04243881118881118,-0.06586169045005484,300,300,32,32,0.14285714285714285,0.0,-0.14285714285714285,-0.28,11,11,7,7
low_diversity,755,0.07957122314975058,0.01796875,-0.061602473149750585,-0.27485334878300893,300,300,32,32,0.25,0.0,-0.25,-0.14285714285714285,4,4,4,4
low_diversity,756,0.09655400512477719,0.021875,-0.07467900512477718,-0.14355934191305833,300,300,32,32,0.16666666666666666,0.16666666666666666,0.0,1.0,10,10,6,6
low_diversity,757,0.09048544657097289,0.03125,-0.05923544657097289,0.0,300,300,32,32,0.2,0.0,-0.2,-0.18518518518518517,8,8,5,5
low_diversity,758,0.058751702283679035,0.03697916666666667,-0.021772535617012367,0.20832043804309008,300,300,32,32,0.0,0.0,0.0,nan,6,6,5,5
low_diversity,759,0.08246524894542796,0.03861607142857143,-0.04384917751685653,0.14382574682825996,300,300,32,32,0.2,0.2,0.0,1.0,6,6,5,5
low_diversity,760,0.09677471327861953,0.023809523809523808,-0.07296518946909572,-0.11355221287025442,300,300,32,32,0.5,0.0,-0.5,-0.06666666666666667,6,6,2,2
low_diversity,761,0.08518172401369123,0.05390625,-0.031275474013691226,0.42009133611691024,300,300,32,32,0.5,0.0,-0.5,-0.06666666666666667,3,3,2,2
low_diversity,762,0.08627450980392157,0.00390625,-0.08236825980392157,-0.49693763919821826,300,300,32,32,0.5,0.0,-0.5,-0.06666666666666667,4,4,2,2
low_diversity,763,0.09554567464214664,0.016487455197132614,-0.07905821944501402,-0.2296040112345341,300,300,31,31,0.16666666666666666,0.0,-0.16666666666666666,-0.23076923076923078,10,10,6,6
low_diversity,764,0.08329967403628118,0.033854166666666664,-0.04944550736961451,0.05003233382117691,300,300,32,32,0.25,0.0,-0.25,-0.14285714285714285,4,4,4,4
low_diversity,765,0.09639318379790941,0.05022321428571429,-0.046169969512195125,0.2912540219798588,300,300,32,32,0.3333333333333333,0.0,-0.3333333333333333,-0.10344827586206898,6,6,3,3
low_diversity,766,0.06781267104542966,0.026704545454545453,-0.04110812559088421,-0.12431954273271643,300,300,32,32,0.2,0.0,-0.2,-0.18518518518518517,6,6,5,5
low_diversity,767,0.09072086968758794,0.014583333333333334,-0.0761375363542546,-0.2802492506704528,300,300,32,32,0.2,0.0,-0.2,-0.18518518518518517,7,7,5,5
low_diversity,768,0.07144276629570748,0.02256944444444444,-0.04887332185126304,-0.21597308062079393,300,300,32,32,0.0,0.0,0.0,nan,4,4,4,4
low_diversity,769,0.08733956035333154,0.03072916666666667,-0.05661039368666487,-0.009285744620788343,300,300,32,32,0.16666666666666666,0.0,-0.16666666666666666,-0.23076923076923078,9,9,6,6
low_diversity,770,0.09150955761125253,0.025961538461538463,-0.06554801914971406,-0.08776137343354808,300,300,32,32,0.5,0.0,-0.5,-0.06666666666666667,4,4,2,2
low_diversity,771,0.07843370060790274,0.02291666666666667,-0.05551703394123607,-0.17661466196946818,300,300,32,32,0.5,0.0,-0.5,-0.06666666666666667,2,2,2,2
low_diversity,772,0.09428615196078431,0.0183531746031746,-0.0759329773576097,-0.20459410981889722,300,300,32,32,0.2,0.0,-0.2,-0.18518518518518517,9,9,5,5
low_diversity,773,0.06826095642018562,0.015625,-0.05263595642018562,-0.422172283866682,300,300,32,32,0.125,0.0,-0.125,-0.3333333333333333,8,8,8,8
low_diversity,774,0.09107034040020406,0.018536490683229812,-0.07253384971697426,-0.2125282008045347,300,300,32,32,0.14285714285714285,0.0,-0.14285714285714285,-0.28,10,10,7,7
low_diversity,775,0.08531936030226044,0.0265625,-0.05875686030226043,-0.0866942011852142,300,300,32,32,0.25,0.0,-0.25,-0.14285714285714285,5,5,4,4
low_diversity,776,0.09611742424242424,0.0296875,-0.06642992424242425,-0.024087591240875936,300,300,32,32,0.3333333333333333,0.0,-0.3333333333333333,-0.10344827586206898,7,7,3,3
low_diversity,777,0.09024423722977563,0.037946428571428575,-0.05229780865834706,0.11350987631803378,300,300,32,32,0.5,0.0,-0.5,-0.06666666666666667,3,3,2,2
low_diversity,778,0.09083918748141541,0.03125,-0.05958918748141541,0.0,300,300,32,32,0.14285714285714285,0.0,-0.14285714285714285,-0.28,10,10,7,7
low_diversity,779,0.06561147186147186,0.03937815656565657,-0.02623331529581529,0.23654855643044628,300,300,32,32,0.25,0.0,-0.25,-0.14285714285714285,4,4,4,4
low_diversity,780,0.08666954685099845,0.03225806451612903,-0.05441148233486942,0.018189692507579028,300,300,31,31,0.3333333333333333,0.0,-0.3333333333333333,-0.10344827586206898,4,4,3,3
low_diversity,781,0.07740003052503053,0.024479166666666663,-0.052920863858363865,-0.14671351798263751,300,300,32,32,0.25,0.0,-0.25,-0.14285714285714285,6,6,4,4
low_diversity,782,0.07883946665438467,0.01177536231884058,-0.06706410433554409,-0.4092215998677329,300,300,32,32,0.0,0.0,0.0,nan,6,6,6,6
low_diversity,783,0.08606567883511074,0.019886363636363636,-0.0661793151987471,-0.20730631463707583,300,300,32,32,0.3333333333333333,0.0,-0.3333333333333333,-0.10344827586206898,5,5,3,3
low_diversity,784,0.08359410143949618,0.0359375,-0.04765660143949618,0.08955163755018726,300,300,32,32,0.25,0.0,-0.25,-0.14285714285714285,5,5,4,4
low_diversity,785,0.09236937152492936,0.041666666666666664,-0.05070270485826269,0.17043150815806274,300,300,32,32,0.25,0.0,-0.25,-0.14285714285714285,7,7,4,4
low_diversity,786,0.09486946946631501,0.025,-0.069869469466315,-0.09824036654862744,300,300,32,32,0.2,0.0,-0.2,-0.18518518518518517,7,7,5,5
low_diversity,787,0.08102707980425372,0.03850446428571429,-0.04252261551853943,0.14573904926207332,300,300,32,32,0.3333333333333333,0.0,-0.3333333333333333,-0.10344827586206898,4,4,3,3
low_diversity,788,0.10265196243814664,0.022135416666666664,-0.08051654577147999,-0.1276517202342866,300,300,32,32,0.25,0.0,-0.25,-0.14285714285714285,5,5,4,4
low_diversity,789,0.08501660233471378,0.013020833333333332,-0.07199576900138045,-0.3390425631358375,300,300,32,32,0.09090909090909091,0.0,-0.09090909090909091,-0.5238095238095238,13,13,11,11
low_diversity,790,0.09617213804713805,0.0296875,-0.06648463804713806,-0.024067291173705898,300,300,32,32,0.16666666666666666,0.0,-0.16666666666666666,-0.23076923076923078,9,9,6,6
low_diversity,791,0.10516486587183309,0.004774305555555555,-0.10039056031627754,-0.3581917403510246,300,300,32,32,1.0,0.0,-1.0,-0.03225806451612903,6,6,1,1
low_diversity,792,0.09786345580775554,0.026881720430107524,-0.07098173537764801,-0.06557653430410819,300,300,31,31,0.25,0.0,-0.25,-0.14285714285714285,6,6,4,4
low_diversity,793,0.07938112745098039,0.015873015873015872,-0.06350811157796452,-0.3194810705950108,300,300,32,32,0.0,0.0,0.0,nan,11,11,9,9
low_diversity,794,0.08173164152024447,0.016666666666666666,-0.0650649748535778,-0.2888838970793973,300,300,32,32,0.25,0.0,-0.25,-0.14285714285714285,4,4,4,4
low_diversity,795,0.07977979052197802,0.03958333333333333,-0.04019645718864469,0.17171583152742761,300,300,32,32,0.125,0.0,-0.125,-0.3333333333333333,10,10,8,8
low_diversity,796,0.08850282360100033,0.026113671274961597,-0.06238915232603873,-0.08971310761603486,300,300,31,31,0.14285714285714285,0.0,-0.14285714285714285,-0.28,11,11,7,7
low_diversity,797,0.07012028075507919,0.02421875,-0.04590153075507919,-0.18089012642598998,300,300,32,32,0.16666666666666666,0.0,-0.16666666666666666,-0.23076923076923078,6,6,6,6
low_diversity,798,0.08858283926218709,0.023893633540372668,-0.06468920572181441,-0.12830982303154662,300,300,32,32,0.25,0.0,-0.25,-0.14285714285714285,7,7,4,4
low_diversity,799,0.0879248903508772,0.019345238095238096,-0.0685796522556391,-0.21005354983589564,300,300,32,32,0.3333333333333333,0.0,-0.3333333333333333,-0.10344827586206898,5,5,3,3
flat_theta,640,0.11695791953144893,0.05105632215007214,-0.0659015973813768,0.23109092203322681,300,300,32,32,0.14285714285714285,0.14285714285714285,0.0,1.0,7,7,7,7
flat_theta,641,0.1015417685424479,0.03837776806526806,-0.06316400047717984,0.1014025996651903,300,300,32,32,0.0,0.0,0.0,nan,8,8,7,7
flat_theta,642,0.0726213023088023,0.036793154761904756,-0.035828147546897546,0.13398550329718228,300,300,32,32,0.0,0.0,0.0,nan,5,5,4,4
flat_theta,643,0.08095238095238096,0.046502976190476185,-0.03444940476190477,0.30688622754491,300,300,32,32,0.14285714285714285,0.14285714285714285,0.0,1.0,8,8,7,7
flat_theta,644,0.11234097805788983,0.03650793650793651,-0.07583304154995332,0.06483996905528672,300,300,32,32,0.3333333333333333,0.0,-0.3333333333333333,-0.10344827586206898,3,3,3,3
flat_theta,645,0.10313852813852814,0.020876718257232963,-0.08226180988129518,-0.14429676071233333,300,300,32,32,0.25,0.0,-0.25,-0.14285714285714285,4,4,4,4
flat_theta,646,0.09305935292777398,0.05035173160173159,-0.04270762132604239,0.30904273701186485,300,300,32,32,0.0,0.0,0.0,nan,5,5,5,5
flat_theta,647,0.10110033195970695,0.056166576479076476,-0.04493375548063048,0.3567137876087627,300,300,32,32,0.0,0.0,0.0,nan,3,3,3,3
flat_theta,648,0.08004322066822067,0.04711920024420024,-0.03292402042402043,0.32523371129989687,300,300,32,32,0.0,0.0,0.0,nan,5,5,5,5
flat_theta,649,0.09644491792929293,0.0221551452020202,-0.07428977272727272,-0.1395025116504267,300,300,32,32,0.0,0.5,0.5,nan,2,2,2,2
flat_theta,650,0.05723252442002442,0.01345486111111111,-0.043777663308913306,-0.684888758352302,300,300,32,32,0.0,0.0,0.0,nan,6,6,6,6
flat_theta,651,0.09735073953823953,0.015873015873015872,-0.08147772366522366,-0.23262953235324219,300,300,32,32,0.16666666666666666,0.0,-0.16666666666666666,-0.23076923076923078,6,6,6,6
flat_theta,652,0.09148685515873016,0.03351271124708624,-0.05797414391164392,0.03756356870098496,300,300,32,32,0.0,0.0,0.0,nan,9,9,6,6
flat_theta,653,0.10613934676434676,0.02177804834054834,-0.08436129842379841,-0.12647929336674432,300,300,32,32,0.0,0.0,0.0,nan,5,5,5,5
flat_theta,654,0.09645432692307693,0.011991914335664336,-0.08446241258741259,-0.2953498114788437,300,300,32,32,0.1111111111111111,0.1111111111111111,0.0,1.0,10,10,9,9
flat_theta,655,0.06137820512820513,0.03495592948717949,-0.026422275641025644,0.12300531914893617,300,300,32,32,0.0,0.125,0.125,nan,8,8,8,8
flat_theta,656,0.11587024087024088,0.033362644300144295,-0.08250759657009658,0.024966181594588993,300,300,32,32,0.25,0.0,-0.25,-0.14285714285714285,4,4,4,4
flat_theta,657,0.12503634203880915,0.020337301587301584,-0.10469904045150756,-0.11635701079142952,300,300,32,32,0.0,0.0,0.0,nan,2,2,2,2
flat_theta,658,0.08828350468975468,0.03854786706349206,-0.049735637626262624,0.12795754185527064,300,300,32,32,0.0,0.0,0.0,nan,2,2,2,2
flat_theta,659,0.04911954365079365,0.028682255244755244,-0.020437288406038406,-0.14369391885006047,300,300,32,32,0.0,0.0,0.0,nan,5,5,5,5
flat_theta,660,0.08244715354090354,0.02452256944444444,-0.0579245840964591,-0.13140243334389157,300,300,32,32,0.0,0.0,0.0,nan,5,5,4,4
flat_theta,661,0.10951585179526357,0.014105902777777776,-0.0954099490174858,-0.2190495194132639,300,300,32,32,0.0,0.0,0.0,nan,7,7,7,7
flat_theta,662,0.09603651556776557,0.023697916666666666,-0.07233859890109891,-0.11656875303679491,300,300,32,32,0.0,0.0,0.0,nan,3,3,3,3
flat_theta,663,0.10184901903651905,0.023327020202020203,-0.07852199883449884,-0.1122250692163505,300,300,32,32,0.25,0.0,-0.25,-0.14285714285714285,4,4,4,4
flat_theta,664,0.0844970134032634,0.02873263888888889,-0.055764374514374514,-0.04727703865841281,300,300,32,32,0.3333333333333333,0.0,-0.3333333333333333,-0.10344827586206898,7,7,3,3
flat_theta,665,0.07905446269416858,0.01156045751633987,-0.0674940051778287,-0.4118766611733502,300,300,32,32,0.0,0.0,0.0,nan,6,6,6,6
flat_theta,666,0.10754479895104896,0.019618402430902432,-0.08792639652014653,-0.1524559698566143,300,300,32,32,0.25,0.0,-0.25,-0.14285714285714285,5,5,4,4
flat_theta,667,0.10371453505644682,0.017959267040149392,-0.08575526801629743,-0.18341017367320012,300,300,32,32,0.0,0.0,0.0,nan,6,6,6,6
flat_theta,668,0.11206965549070813,0.04248511904761904,-0.0695845364430891,0.13901468620972715,300,300,32,32,0.125,0.0,-0.125,-0.3333333333333333,11,11,8,8
flat_theta,669,0.12120392628205129,0.014155982905982906,-0.10704794337606838,-0.19003080577515497,300,300,32,32,0.0,0.0,0.0,nan,7,7,7,7
flat_theta,670,0.10589574898785425,0.03412126068376068,-0.07177448830409358,0.03846516007532952,300,300,32,32,0.0,0.0,0.0,nan,5,5,5,5
flat_theta,671,0.09797177393684746,0.03150093370681606,-0.0664708402300314,0.0037608968108906854,300,300,32,32,0.14285714285714285,0.0,-0.14285714285714285,-0.28,7,7,7,7
flat_theta,672,0.10411949161949163,0.02717013888888889,-0.07694935273060274,-0.05598860401572777,300,300,32,32,0.0,0.125,0.125,nan,9,9,8,8
flat_theta,673,0.10638892357642357,0.024405889249639247,-0.08198303432678433,-0.09108608993313072,300,300,32,32,0.14285714285714285,0.0,-0.14285714285714285,-0.28,9,9,7,7
flat_theta,674,0.08066031191031191,0.06249999999999999,-0.018160311910311915,0.6324590716351688,300,300,32,32,0.0,0.0,0.0,nan,8,8,7,7
flat_theta,675,0.0734273538961039,0.017881944444444443,-0.05554540945165946,-0.3169486542111031,300,300,32,32,0.16666666666666666,0.0,-0.16666666666666666,-0.23076923076923078,7,7,6,6
flat_theta,676,0.11366792929292929,0.025847763347763345,-0.08782016594516595,-0.06554686217650602,300,300,32,32,0.0,0.0,0.0,nan,6,6,5,5
flat_theta,677,0.11741240530303029,0.025007327741702744,-0.09240507756132754,-0.07245239076534583,300,300,32,32,0.125,0.0,-0.125,-0.3333333333333333,10,10,8,8
flat_theta,678,0.09947964362026862,0.04806660353535354,-0.05141304008491508,0.24647063421503668,300,300,32,32,0.0,0.16666666666666666,0.16666666666666666,nan,6,6,6,6
flat_theta,679,0.10533703549739734,0.022551169590643277,-0.08278586590675406,-0.11741366557529909,300,300,32,32,0.14285714285714285,0.0,-0.14285714285714285,-0.28,7,7,7,7
flat_theta,680,0.10725784632034631,0.026763167388167388,-0.08049467893217892,-0.05903117676722733,300,300,32,32,0.0,0.0,0.0,nan,6,6,5,5
flat_theta,681,0.09966517857142856,0.03405257936507937,-0.0656125992063492,0.040964292187783274,300,300,32,32,0.3333333333333333,0.0,-0.3333333333333333,-0.10344827586206898,4,4,3,3
flat_theta,682,0.08501082251082251,0.035416666666666666,-0.04959415584415584,0.07750377453447407,300,300,32,32,0.0,0.3333333333333333,0.3333333333333333,nan,3,3,3,3
flat_theta,683,0.07702505827505828,0.04172979797979798,-0.0352952602952603,0.2289412263950774,300,300,32,32,0.0,0.0,0.0,nan,6,6,5,5
flat_theta,684,0.09389204545454546,0.01950757575757576,-0.07438446969696971,-0.18745275888133028,300,300,32,32,0.0,0.0,0.0,nan,7,7,6,6
flat_theta,685,0.09702953296703297,0.050967261904761904,-0.046062271062271065,0.2997476724963021,300,300,32,32,0.0,0.0,0.0,nan,3,3,3,3
flat_theta,686,0.07829097985347985,0.03580109126984127,-0.042489888583638585,0.09674737397088043,300,300,32,32,0.125,0.0,-0.125,-0.3333333333333333,9,9,8,8
flat_theta,687,0.08722207633053221,0.04413490155677656,-0.04308717477375565,0.23020231518100703,300,300,32,32,0.2,0.0,-0.2,-0.18518518518518517,5,5,5,5
flat_theta,688,0.11546942640692641,0.026822916666666665,-0.08864650974025974,-0.05256605895108828,300,300,32,32,0.0,0.0,0.0,nan,4,4,4,4
flat_theta,689,0.09431029040404042,0.03293650793650794,-0.06137378246753248,0.02674437313406154,300,300,32,32,0.0,0.0,0.0,nan,8,8,8,8
flat_theta,690,0.10498425185925186,0.022433035714285714,-0.08255121614496615,-0.11957759200628507,300,300,32,32,0.0,0.0,0.0,nan,4,4,4,4
flat_theta,691,0.10527657085561498,0.03247767857142857,-0.07279889228418641,0.016584296114743595,300,300,32,32,0.125,0.0,-0.125,-0.3333333333333333,9,9,8,8
flat_theta,692,0.05841363497613498,0.028956980519480518,-0.02945665445665446,-0.0844150454287156,300,300,32,32,0.0,0.0,0.0,nan,5,5,5,5
flat_theta,693,0.05183072136197136,0.03552064255189255,-0.01631007881007881,0.20750694189873042,300,300,32,32,0.0,0.0,0.0,nan,7,7,7,7
flat_theta,694,0.09871127136752136,0.026475694444444444,-0.07223557692307692,-0.070771058101554,300,300,32,32,0.2,0.0,-0.2,-0.18518518518518517,7,7,5,5
flat_theta,695,0.10234775947092123,0.026040768871651222,-0.07630699059927001,-0.0732685694614517,300,300,32,32,0.0,0.0,0.0,nan,6,6,5,5
flat_theta,696,0.08218968531468532,0.023971081002331,-0.058218604312354316,-0.1428928928928929,300,300,32,32,0.0,0.0,0.0,nan,6,6,5,5
flat_theta,697,0.1145344239094239,0.011755171911421912,-0.10277925199800197,-0.23407531893094102,300,300,32,32,0.0,0.0,0.0,nan,6,6,4,4
flat_theta,698,0.10132091662422543,0.02866161616161616,-0.07265930046260927,-0.03693948877912875,300,300,32,32,0.14285714285714285,0.0,-0.14285714285714285,-0.28,10,10,7,7
flat_theta,699,0.12364458458208458,0.018744276556776556,-0.10490030802530802,-0.13535126003097284,300,300,32,32,0.0,0.0,0.0,nan,8,8,6,6
flat_theta,700,0.10960836038961039,0.023561507936507936,-0.08604685245310245,-0.09811961385184227,300,300,32,32,0.0,0.25,0.25,nan,4,4,4,4
flat_theta,701,0.07022187881562882,0.03468840187590187,-0.03553347693972694,0.08822776782634809,300,300,32,32,0.0,0.0,0.0,nan,7,7,7,7
flat_theta,702,0.09328348688957241,0.03808734668109668,-0.055196140208475734,0.11022025399391197,300,300,32,32,0.0,0.0,0.0,nan,7,7,5,5
flat_theta,703,0.05698538714574899,0.03187736742424242,-0.025108019721506565,0.024377617507341527,300,300,32,32,0.0,0.16666666666666666,0.16666666666666666,nan,7,7,6,6
flat_theta,704,0.07873785732241614,0.01815510878010878,-0.060582748542307364,-0.27575241247429194,300,300,32,32,0.0,0.0,0.0,nan,6,6,6,6
flat_theta,705,0.08413318452380952,0.027951388888888887,-0.05618179563492064,-0.06237542502051827,300,300,32,32,0.0,0.14285714285714285,0.14285714285714285,nan,7,7,7,7
flat_theta,706,0.0827899531024531,0.02714646464646464,-0.05564348845598846,-0.07961853099435683,300,300,32,32,0.0,0.0,0.0,nan,5,5,5,5
flat_theta,707,0.10599462832918716,0.041949166030048377,-0.06404546229913878,0.1431429424322984,300,300,32,32,0.14285714285714285,0.0,-0.14285714285714285,-0.28,7,7,7,7
flat_theta,708,0.09817981497668997,0.023958680208680208,-0.07422113476800976,-0.10893978705692196,300,300,32,32,0.0,0.0,0.0,nan,5,5,5,5
flat_theta,709,0.10505133572567783,0.011458333333333334,-0.0935930023923445,-0.2681749113624852,300,300,32,32,0.2,0.0,-0.2,-0.18518518518518517,6,6,5,5
flat_theta,710,0.07578749375624376,0.033308531746031746,-0.042478962010212014,0.046220197240963025,300,300,32,32,0.2,0.0,-0.2,-0.18518518518518517,5,5,5,5
flat_theta,711,0.1086853250915751,0.01633613782051282,-0.09234918727106227,-0.19259765697180234,300,300,32,32,0.14285714285714285,0.0,-0.14285714285714285,-0.28,8,8,7,7
flat_theta,712,0.10182691593537181,0.014940268065268065,-0.08688664787010375,-0.23109159303116852,300,300,32,32,0.16666666666666666,0.0,-0.16666666666666666,-0.23076923076923078,6,6,6,6
flat_theta,713,0.09286165223665224,0.030048250360750362,-0.06281340187590188,-0.019505233111322524,300,300,32,32,0.2,0.0,-0.2,-0.18518518518518517,6,6,5,5
flat_theta,714,0.10674781176425913,0.025642527246145668,-0.08110528451811345,-0.07427331498512285,300,300,32,32,0.0,0.0,0.0,nan,6,6,6,6
flat_theta,715,0.12153586813513284,0.020760055916305916,-0.10077581221882692,-0.11618589155053097,300,300,32,32,0.0,0.0,0.0,nan,5,5,5,5
flat_theta,716,0.09643065268065268,0.04235842282717283,-0.05407222985347985,0.17042515486301812,300,300,32,32,0.0,0.0,0.0,nan,5,5,5,5
flat_theta,717,0.08291126765391471,0.02601148851148851,-0.0568997791424262,-0.10140114105609899,300,300,32,32,0.0,0.0,0.0,nan,5,5,5,5
flat_theta,718,0.10446987907925408,0.03659036276223776,-0.06787951631701632,0.0729359680648651,300,300,32,32,0.16666666666666666,0.16666666666666666,0.0,1.0,8,8,6,6
flat_theta,719,0.1164348672161172,0.02475311147186147,-0.09168175574425573,-0.0762681065365246,300,300,32,32,0.16666666666666666,0.16666666666666666,0.0,1.0,7,7,6,6
flat_theta,720,0.10118284493284493,0.02848800505050505,-0.07269483988233988,-0.039494960517439816,300,300,32,32,0.0,0.0,0.0,nan,9,9,8,8
flat_theta,721,0.10807235044367397,0.05217803030303031,-0.05589432014064366,0.2724211141961181,300,300,32,32,0.0,0.16666666666666666,0.16666666666666666,nan,6,6,6,6
flat_theta,722,0.10886986277611277,0.05163690476190476,-0.05723295801420801,0.26265061587017846,300,300,32,32,,,,,0,0,0,0
flat_theta,723,0.06918047995713436,0.027173520923520926,-0.042006959033613435,-0.10747238318855828,300,300,32,32,0.0,0.0,0.0,nan,2,2,2,2
flat_theta,724,0.10402253996003996,0.021274038461538462,-0.08274850149850149,-0.13708414662920143,300,300,32,32,0.0,0.0,0.0,nan,4,4,4,4
flat_theta,725,0.099153363997114,0.018012152777777776,-0.08114121121933622,-0.19495127255823222,300,300,32,32,0.0,0.0,0.0,nan,7,7,6,6
flat_theta,726,0.10950126262626261,0.017361111111111112,-0.09214015151515151,-0.1774909237595805,300,300,32,32,0.3333333333333333,0.0,-0.3333333333333333,-0.10344827586206898,4,4,3,3
flat_theta,727,0.08189159186401834,0.027554063583475348,-0.054337528280542995,-0.07298223220251245,300,300,32,32,0.0,0.0,0.0,nan,3,3,3,3
flat_theta,728,0.11504216269841269,0.036158806471306475,-0.07888335622710621,0.058583121776846846,300,300,32,32,0.0,0.0,0.0,nan,6,6,6,6
flat_theta,729,0.12680249183006537,0.01796875,-0.10883374183006536,-0.13899428204991182,300,300,32,32,0.0,0.0,0.0,nan,4,4,4,4
flat_theta,730,0.12320188492063491,0.03010912698412698,-0.09309275793650792,-0.012407282535401246,300,300,32,32,0.0,0.0,0.0,nan,4,4,4,4
flat_theta,731,0.10353641456582632,0.035243055555555555,-0.06829335901027077,0.05523936384919674,300,300,32,32,0.0,0.0,0.0,nan,6,6,6,6
flat_theta,732,0.08727036852036853,0.012423687423687423,-0.0748466810966811,-0.336061919504644,300,300,32,32,0.0,0.0,0.0,nan,5,5,5,5
flat_theta,733,0.08351984259612937,0.029812635281385284,-0.053707207314744085,-0.027498929539940008,300,300,32,32,0.0,0.0,0.0,nan,5,5,3,3
flat_theta,734,0.11184106691919192,0.02682291666666667,-0.08501815025252525,-0.05493268053855567,300,300,32,32,0.0,0.0,0.0,nan,3,3,3,3
flat_theta,735,0.10406065288877789,0.033396464646464646,-0.07066418824231324,0.029480090636510078,300,300,32,32,0.0,0.0,0.0,nan,5,5,5,5
flat_theta,736,0.09331120268620269,0.03253777472527472,-0.06077342796092797,0.020750076852136416,300,300,32,32,0.16666666666666666,0.0,-0.16666666666666666,-0.23076923076923078,7,7,6,6
flat_theta,737,0.12001921689421689,0.02453926282051282,-0.09547995407370408,-0.0755975710305536,300,300,32,32,0.0,0.0,0.0,nan,4,4,4,4
flat_theta,738,0.11481227106227106,0.037316849816849816,-0.07749542124542125,0.07260273972602739,300,300,32,32,0.0,0.0,0.0,nan,8,8,8,8
flat_theta,739,0.1258356227106227,0.01661706349206349,-0.10921855921855922,-0.15470571624510876,300,300,32,32,0.0,0.0,0.0,nan,4,4,4,4
flat_theta,740,0.11821771978021978,0.028044871794871796,-0.09017284798534798,-0.03685422836459361,300,300,32,32,0.0,0.0,0.0,nan,9,9,7,7
flat_theta,741,0.11826975108225109,0.03521825396825397,-0.08305149711399712,0.04560176188625469,300,300,32,32,0.0,0.0,0.0,nan,6,6,6,6
flat_theta,742,0.10395220588235293,0.02638888888888889,-0.07756331699346404,-0.06686332350049165,300,300,32,32,0.0,0.0,0.0,nan,6,6,6,6
flat_theta,743,0.09154144466644466,0.022607774170274167,-0.0689336704961705,-0.14334083181350077,300,300,32,32,0.0,0.0,0.0,nan,5,5,4,4
flat_theta,744,0.1197273212898213,0.027901785714285716,-0.09182553557553559,-0.037842627205526315,300,300,32,32,0.16666666666666666,0.0,-0.16666666666666666,-0.23076923076923078,6,6,6,6
flat_theta,745,0.07495594226679753,0.06982198631047315,-0.005133955956324376,0.8825341431838999,300,300,32,32,0.1,0.0,-0.1,-0.45454545454545453,11,11,10,10
flat_theta,746,0.06246617965367965,0.04289772727272727,-0.01956845238095238,0.37313109425785473,300,300,32,32,0.0,0.0,0.0,nan,6,6,6,6
flat_theta,747,0.037119850125364826,0.02524949009324009,-0.011870360032124737,-1.0222594748766205,300,300,32,32,0.0,0.0,0.0,nan,5,5,5,5
flat_theta,748,0.06532512626262627,0.03039772727272727,-0.034927398989898994,-0.025011579434923634,300,300,32,32,0.0,0.0,0.0,nan,7,7,7,7
flat_theta,749,0.09691922660672661,0.053131764069264065,-0.043787462537462546,0.33321184365863504,300,300,32,32,0.0,0.0,0.0,nan,3,3,2,2
flat_theta,750,0.1154275412087912,0.04549963924963925,-0.06992790195915195,0.16928077305435796,300,300,32,32,0.0,0.0,0.0,nan,8,8,7,7
flat_theta,751,0.10328386890886891,0.04624065170940171,-0.0570432171994672,0.20810560277369805,300,300,32,32,0.0,0.0,0.0,nan,8,8,5,5
flat_theta,752,0.09734666375291376,0.03091916763791764,-0.06642749611499613,-0.0050052808008449,300,300,32,32,0.2,0.0,-0.2,-0.18518518518518517,5,5,5,5
flat_theta,753,0.1064958479020979,0.02443181818181818,-0.08206402972027972,-0.09061206708778047,300,300,32,32,0.0,0.0,0.0,nan,6,6,5,5
flat_theta,754,0.10790667665667666,0.021106497668997668,-0.086800178987679,-0.1323237945264987,300,300,32,32,0.5,0.0,-0.5,-0.06666666666666667,4,4,2,2
flat_theta,755,0.13245313714063714,0.03243856837606838,-0.10001456876456877,0.01174438273011915,300,300,32,32,0.0,0.0,0.0,nan,5,5,3,3
flat_theta,756,0.09786706349206349,0.03454861111111111,-0.06331845238095238,0.049516008935219694,300,300,32,32,0.16666666666666666,0.16666666666666666,0.0,1.0,7,7,6,6
flat_theta,757,0.06316773504273504,0.03362713675213675,-0.02954059829059829,0.0744769874476987,300,300,32,32,0.0,0.0,0.0,nan,7,7,7,7
flat_theta,758,0.08612845487845487,0.030082417582417583,-0.056046037296037285,-0.021275788834951445,300,300,32,32,0.0,0.0,0.0,nan,6,6,6,6
flat_theta,759,0.1208041600964395,0.030562518568033274,-0.09024164152840623,-0.007676711290981773,300,300,32,32,0.1,0.1,0.0,1.0,11,11,10,10
flat_theta,760,0.11666215728715729,0.029750631313131312,-0.08691152597402597,-0.017554511377435206,300,300,32,32,0.14285714285714285,0.0,-0.14285714285714285,-0.28,8,8,7,7
flat_theta,761,0.10404434974747476,0.04177827380952381,-0.06226607593795095,0.14463037098410284,300,300,32,32,0.0,0.0,0.0,nan,6,6,6,6
flat_theta,762,0.09997465769524594,0.01566220238095238,-0.08431245531429356,-0.2268152092975199,300,300,32,32,0.0,0.0,0.0,nan,2,2,2,2
flat_theta,763,0.10318917193917193,0.01989200036075036,-0.08329717157842156,-0.15788338026539117,300,300,32,32,0.0,0.0,0.0,nan,7,7,7,7
flat_theta,764,0.09981060606060607,0.040873015873015874,-0.0589375901875902,0.14035780057879504,300,300,32,32,0.0,0.0,0.0,nan,4,4,4,4
flat_theta,765,0.12541772463647466,0.03132440476190476,-0.0940933198745699,0.0007901301873013709,300,300,32,32,0.2,0.0,-0.2,-0.18518518518518517,5,5,5,5
flat_theta,766,0.06788399764043146,0.028038194444444445,-0.03984580319598702,-0.08767281111605507,300,300,32,32,0.0,0.0,0.0,nan,7,7,7,7
flat_theta,767,0.09570360195360195,0.02784455128205128,-0.06785905067155067,-0.05283566185176418,300,300,32,32,0.0,0.0,0.0,nan,11,11,10,10
flat_theta,768,0.0987250163031413,0.02265625,-0.0760687663031413,-0.12736195514783327,300,300,32,32,0.0,0.0,0.0,nan,2,2,2,2
flat_theta,769,0.09470173923298923,0.03940972222222222,-0.05529201701076701,0.12859729805451722,300,300,32,32,0.0,0.0,0.0,nan,5,5,5,5
flat_theta,770,0.09968547077922077,0.033904897186147184,-0.06578057359307359,0.03879416851989126,300,300,32,32,0.125,0.0,-0.125,-0.3333333333333333,8,8,8,8
flat_theta,771,0.08918650793650792,0.043317099567099566,-0.04586940836940836,0.20828144458281447,300,300,32,32,0.0,0.2,0.2,nan,5,5,5,5
flat_theta,772,0.10664699883449884,0.03809862012987013,-0.06854837870462871,0.0908341211949733,300,300,32,32,0.14285714285714285,0.0,-0.14285714285714285,-0.28,7,7,7,7
flat_theta,773,0.1100591963183875,0.03560267857142857,-0.07445651774695893,0.055230592047200176,300,300,32,32,0.0,0.0,0.0,nan,5,5,4,4
flat_theta,774,0.11395652958152958,0.014635854341736693,-0.09932067523979288,-0.20088070122547688,300,300,32,32,0.14285714285714285,0.14285714285714285,0.0,1.0,7,7,7,7
flat_theta,775,0.11231945138195139,0.03295558608058608,-0.0793638653013653,0.021038579286177316,300,300,32,32,0.5,0.5,0.0,1.0,2,2,2,2
flat_theta,776,0.09617660984848485,0.015104166666666665,-0.08107244318181818,-0.24867821330902465,300,300,32,32,0.2,0.0,-0.2,-0.18518518518518517,5,5,5,5
flat_theta,777,0.07418323863636364,0.027971117424242423,-0.04621212121212122,-0.07637165701681833,300,300,32,32,0.25,0.0,-0.25,-0.14285714285714285,5,5,4,4
flat_theta,778,0.11195383107389686,0.035293786075036075,-0.07666004499886078,0.050106494589251434,300,300,32,32,0.0,0.0,0.0,nan,6,6,6,6
flat_theta,779,0.09937319624819625,0.029592803030303032,-0.06978039321789323,-0.024326471172304208,300,300,32,32,0.0,0.0,0.0,nan,7,7,7,7
flat_theta,780,0.10727491462785581,0.033148448773448774,-0.07412646585440703,0.024971402897875476,300,300,32,32,0.0,0.0,0.0,nan,7,7,5,5
flat_theta,781,0.08117689602064602,0.02003586691086691,-0.061141029109779116,-0.2246110610300261,300,300,32,32,0.25,0.0,-0.25,-0.14285714285714285,4,4,4,4
flat_theta,782,0.08691829004329005,0.03470982142857143,-0.05220846861471862,0.0621506682867558,300,300,32,32,0.0,0.25,0.25,nan,4,4,4,4
flat_theta,783,0.08578643578643579,0.03380074786324786,-0.051985687923187925,0.04677144419992109,300,300,32,32,0.25,0.0,-0.25,-0.14285714285714285,4,4,4,4
flat_theta,784,0.12002012744200244,0.03125,-0.08877012744200244,0.0,300,300,32,32,0.16666666666666666,0.0,-0.16666666666666666,-0.23076923076923078,6,6,6,6
flat_theta,785,0.06403648434898435,0.03438887501387501,-0.029647609335109334,0.09573685853183728,300,300,32,32,0.0,0.0,0.0,nan,2,2,2,2
flat_theta,786,0.12058328184972922,0.059562139249639254,-0.061021142600089964,0.31692711454689576,300,300,32,32,0.2,0.0,-0.2,-0.18518518518518517,6,6,5,5
flat_theta,787,0.10280587468087468,0.03820719211344211,-0.06459868256743256,0.09722740647738341,300,300,32,32,0.0,0.3333333333333333,0.3333333333333333,nan,4,4,3,3
flat_theta,788,0.09587912087912087,0.03467261904761905,-0.06120650183150182,0.05295784626284098,300,300,32,32,0.0,0.0,0.0,nan,6,6,5,5
flat_theta,789,0.0763967803030303,0.028075396825396823,-0.048321383477633484,-0.07031737708192878,300,300,32,32,0.125,0.0,-0.125,-0.3333333333333333,8,8,8,8
flat_theta,790,0.0839114010989011,0.021651785714285714,-0.06225961538461539,-0.18226279752200847,300,300,32,32,0.0,0.0,0.0,nan,4,4,4,4
flat_theta,791,0.1138410200910201,0.05278566919191919,-0.061055350899100906,0.26075073498530027,300,300,32,32,0.25,0.0,-0.25,-0.14285714285714285,4,4,4,4
flat_theta,792,0.10114442848817849,0.013158716283716284,-0.0879857122044622,-0.2588372794169647,300,300,32,32,0.0,0.0,0.0,nan,3,3,2,2
flat_theta,793,0.09167395104895104,0.037603195415695415,-0.05407075563325563,0.10514366083986337,300,300,32,32,0.0,0.0,0.0,nan,5,5,5,5
flat_theta,794,0.06911586677211677,0.021651785714285714,-0.04746408105783106,-0.2534793233039659,300,300,32,32,0.16666666666666666,0.0,-0.16666666666666666,-0.23076923076923078,6,6,6,6
flat_theta,795,0.10689466783216783,0.030792297979797982,-0.07610236985236984,-0.006050684513778519,300,300,32,32,0.0,0.0,0.0,nan,3,3,3,3
flat_theta,796,0.11354548229548228,0.01750801282051282,-0.09603746947496947,-0.16698349406528193,300,300,32,32,0.16666666666666666,0.0,-0.16666666666666666,-0.23076923076923078,6,6,6,6
flat_theta,797,0.10484255328005328,0.0527893981018981,-0.052053155178155175,0.29268447882125864,300,300,32,32,0.0,0.2,0.2,nan,5,5,5,5
flat_theta,798,0.07264723124098124,0.03133315826330532,-0.04131407297767592,0.0020087880472305407,300,300,32,32,0.0,0.0,0.0,nan,7,7,7,7
flat_theta,799,0.15279850357975355,0.018592171717171715,-0.13420633186258185,-0.10413808405730723,300,300,32,32,0.14285714285714285,0.0,-0.14285714285714285,-0.28,8,8,7,7
